history_size,query_count,insert_seconds,brute_force_seconds,cache_seconds,cache_speedup_vs_bruteforce
128,2000,0.0006896000122651458,1.6050625999923795,0.037515100033488125,42.784441426508494
512,2000,0.0012091000098735094,6.220118800003547,0.05115379998460412,121.59641711614056
2048,2000,0.0053317000274546444,26.00269950000802,0.11790379998274148,220.54165772277267
8192,2000,0.02950299996882677,106.97015090001514,0.4293399999733083,249.15020940668325
